,MC_Mezzala,AML_Inside Forward,ST_Poacher,ST_Advanced Forward,AMR_Inverted Winger,ST_Deep Lying Forward,GK_Sweeper Keeper,DC_Ball Playing Defender,AMC_Attacking Midfielder,MC_Deep Lying Playmaker,DM_Deep Lying Playmaker,AML_Inverted Winger,DM_Defensive Midfielder,DC_Wide Centre-Back,AMC_Advanced Playmaker,MC_Box To Box Midfielder,MC_Advanced Playmaker,MC_Ball Winning Midfielder,DR_Complete Wing-Back,DC_Central Defender,DR_Full-Back,DL_Full-Back,DR_Wing-Back,ST_Target Forward,GK_Goalkeeper,DM_Ball Winning Midfielder,ST_Pressing Forward,MC_Central Midfielder,MR_Winger,AMR_Inside Forward,WBR_Complete Wing-Back,DL_Wing-Back,WBL_Wing-Back,MC_Carrilero,DC_No-Nonsense Centre-Back,DL_Complete Wing-Back,DM_Anchor,ML_Inverted Winger,AMR_Winger,MR_Inverted Winger,AML_Winger,ML_Wide Playmaker,ML_Winger,AMR_Advanced Playmaker,WBR_Wing-Back,DM_Half Back,ST_Complete Forward,AMC_Shadow Striker,MR_Defensive Winger,DL_No-Nonsense Full-Back,AML_Advanced Playmaker,WBL_Complete Wing-Back,DM_Segundo Volante,AMC_Enganche,DR_No-Nonsense Full-Back,AML_Raumdeuter,DL_Inverted Wing-Back,AML_Wide Target Forward,ML_Defensive Winger,MR_Wide Playmaker,ST_False Nine,DM_Regista,AMR_Wide Target Forward,AMR_Raumdeuter,DC_Libero,WBL_Inverted Wing-Back,AML_Wing-Back,MC_Roaming Playmaker
Aggression,0.029097854173688348,0.026672252478704087,0.02613240418118467,0.024707996406109614,0.025516272029408583,0.026369826002377604,0.027731092436974792,0.030576118442227233,0.02634479717813051,0.02553614857395534,0.02783213742117852,0.0268284537459646,0.0285810734781141,0.031884742560226734,0.025221238938053094,0.02870864461045891,0.02499730632474949,0.0330183671302686,0.025636523266022827,0.033108667376138115,0.028698553948832035,0.026453298497713915,0.0286461293622826,0.030097307083050463,0.028238182934315532,0.03317328677433435,0.033633503309102745,0.025880817746846457,0.029869680544343215,0.020930232558139535,0.02722323049001815,0.030612244897959186,0.026041666666666664,0.027430810678422728,0.036109773712084736,0.027063147343802208,0.022853185595567867,0.026543498596819457,0.028458687074016505,0.025075778451364012,0.02346963464795548,0.025290092234454033,0.02875515651540888,0.021457765667574936,0.03182391700546755,0.01937046004842615,0.02239169235761804,0.030278884462151386,0.035238841033672676,0.03411860276198213,0.025119617224880382,0.023353293413173652,0.027059530968129887,0.023331968890708148,0.03305555555555555,0.025031289111389236,0.029118136439267885,0.02132701421800948,0.030185758513931883,0.023195876288659795,,,0,0,0,0,0,0
Anticipation,0.028536119537130658,0.029744449099287806,0.035656213704994194,0.03178346810422282,0.03048978267920856,0.031773478871717276,0.030012004801920768,0.03422379573007188,0.03064373897707231,0.03106345346009286,0.03283322461404653,0.030947344984971616,0.034657364689996625,0.030821917808219176,0.0331858407079646,0.029028815368196372,0.03103113888589592,0.03153200976749124,0.028972783143107993,0.033463403098025306,0.03136818687430478,0.03069888961463096,0.030123905877003525,0.032586558044806514,0.033558420298751786,0.03164556962025316,0.031789085385700334,0.030882992605480646,0.027909122361895976,0.03116279069767442,0.02722323049001815,0.03017802865827182,0.03050595238095238,0.030614744060739652,0.03370245546461242,0.028176857111036867,0.0332409972299169,0.028414405986903653,0.029056558651201724,0.0281069165059245,0.02891362206629567,0.03064564117822077,0.02851249696675564,0.030994550408719353,0.028599467264825464,0.029055690072639227,0.03147817621288334,0.033466135458167325,0.026624902114330464,0.03168155970755483,0.03229665071770335,0.029940119760479042,0.027059530968129887,0.03069995906672125,0.032777777777777774,0.03254067584480601,0.033277870216306155,0.030805687203791468,0.026315789473684206,0.030927835051546393,,,0,0,0,0,0,0
Bravery,0.028760813391753737,0.027649769585253454,0.029500580720092914,0.02931266846361186,0.02692182938696075,0.028098994920566302,0.027490996398559422,0.033580087973393416,0.02546296296296296,0.027415432235242097,0.028267014568384433,0.027051096515640655,0.031394171261393045,0.03353802550779404,0.025663716814159288,0.02934898612593383,0.0272599935351794,0.032169020065824394,0.028621597892888498,0.03665602459501005,0.03181312569521691,0.029174831264968434,0.032624758440377405,0.03586784340348495,0.02905668099038265,0.032845918812745525,0.03374199848106759,0.027620704654197477,0.02802444931380464,0.021860465116279072,0.027828191167574106,0.03202344767694312,0.028273809523809524,0.029512613274553026,0.03779489648531535,0.027397260273972605,0.02770083102493075,0.024438727782974744,0.029654430228386944,0.028658032515844586,0.028308734575368984,0.025587622731329963,0.025843241931570008,0.02826975476839238,0.031683723538483116,0.026634382566585957,0.03115365893233815,0.027091633466135454,0.033672670321065,0.03899268887083671,0.022727272727272728,0.025149700598802394,0.03006614552014432,0.02087597216537045,0.03305555555555555,0.03128911138923655,0.030782029950083195,0.035545023696682464,0.03250773993808049,0.02577319587628866,,,0,0,0,0,0,0
Composure,0.028760813391753737,0.03100125680770842,0.0346109175377468,0.031221922731356697,0.030057303492269434,0.03188155192910407,0.030612244897959183,0.03186353395558417,0.030753968253968252,0.03216891443732036,0.033920417482061316,0.030390738060781478,0.03263193428603579,0.029050543221539913,0.03130530973451327,0.02913553895410886,0.03167762094601875,0.029196305340269665,0.03002633889376646,0.02920657443537898,0.030367074527252503,0.02971913781841934,0.02841877912924861,0.02998415931206155,0.03171679967260078,0.028917503273679614,0.029619181946403384,0.02968682035667682,0.02733248760235267,0.03162790697674418,0.029643073200241985,0.027247069040382113,0.029017857142857144,0.029022777369581188,0.02768415984593163,0.029736050785165388,0.0342797783933518,0.02818054256314313,0.028817410020327637,0.029209148525764676,0.027945802080812973,0.031835763165724486,0.027420528997816065,0.03201634877384197,0.02523482405719894,0.031476997578692496,0.03050462437124777,0.029482071713147404,0.024275646045418955,0.02761982128350934,0.03110047846889952,0.027544910179640718,0.03006614552014432,0.036430618092509214,0.026944444444444448,0.030037546933667083,0.02995008319467554,0.030805687203791468,0.027863777089783277,0.01804123711340206,,,0,0,0,0,0,0
Concentration,0.02741265026401528,0.027929060187124703,0.030313588850174218,0.02908805031446541,0.02757054816736944,0.029612017723981407,0.026890756302521007,0.031327110825018774,0.02634479717813051,0.0287419854079151,0.0319634703196347,0.02593788266726038,0.03319455384269158,0.02869626830420406,0.028982300884955747,0.026787620064034155,0.026290270444995153,0.029408642106380715,0.026865671641791045,0.030389026841669626,0.03181312569521691,0.028957108643588074,0.028987154711833583,0.03134193256392849,0.028852056476365868,0.030226975120034916,0.028317239882825213,0.03044802087864289,0.02617921808326606,0.026511627906976747,0.02722323049001815,0.02778983933999132,0.029017857142857144,0.031104579965711487,0.031415503129513724,0.026506292460184877,0.03185595567867036,0.02666043030869972,0.02786081549683128,0.028658032515844586,0.02613113960803291,0.025587622731329963,0.025843241931570008,0.02758855585831063,0.02775830646291883,0.026634382566585957,0.02839526204770404,0.02868525896414342,0.0274079874706343,0.030056864337936636,0.028708133971291867,0.024550898203592814,0.027059530968129887,0.02742529676627098,0.029722222222222223,0.03254067584480601,0.028286189683860232,0.03317535545023697,0.026315789473684206,0.03350515463917526,,,0,0,0,0,0,0
Decisions,0.029210201100999887,0.028627286691802818,0.030197444831591175,0.029649595687331536,0.0284355065412477,0.03112504052739652,0.029411764705882353,0.031112541572792623,0.02976190476190476,0.03106345346009286,0.0319634703196347,0.028943560057887122,0.03229436255204231,0.029050543221539913,0.031747787610619464,0.02785485592315902,0.029953668785691202,0.028877800191103087,0.03020193151887621,0.03145323400733121,0.029477196885428252,0.02928369257565861,0.02819142889621462,0.030436750396017193,0.029875179046449762,0.02826276735050196,0.028100249538895516,0.03164419312744672,0.02733248760235267,0.02837209302325581,0.028433151845130067,0.02811550151975684,0.030133928571428572,0.030247367132010778,0.029610014443909483,0.028065486134313398,0.0342797783933518,0.027362020579981293,0.026425923711586755,0.02783135850096445,0.027703847084442294,0.031835763165724486,0.025479252608590148,0.03269754768392371,0.02607598485910557,0.026634382566585957,0.028557520687976633,0.027888446215139435,0.021926389976507442,0.02680747359870024,0.03349282296650718,0.03053892215568862,0.02465423932651834,0.03356528857961523,0.027222222222222224,0.03128911138923655,0.028286189683860232,0.02843601895734597,0.02708978328173374,0.03865979381443299,,,0,0,0,0,0,0
Determination,0.032580608920346026,0.03253735511800027,0.03414634146341463,0.03234501347708895,0.032003459833495514,0.03252999027342483,0.030732292917166868,0.034009226477845725,0.031856261022927684,0.030842361264647355,0.03141987388562731,0.03328509406657019,0.03026893214808147,0.0334199338686821,0.02997787610619469,0.0336179295624333,0.03038465682577309,0.03397388257776834,0.028094820017559263,0.034172874541799694,0.03414905450500556,0.03113433485739169,0.030692281459588498,0.03179452364788413,0.03171679967260078,0.033391532082060235,0.03569491157643485,0.030121792083514575,0.032637527390151085,0.030232558139534883,0.03327283726557774,0.032783326096396004,0.029389880952380952,0.03183933382316924,0.03526721232546943,0.029958792738612315,0.028393351800554016,0.03086997193638915,0.03216549085256487,0.030586938550564893,0.03302685700459715,0.03213329366260042,0.02924047561271536,0.029632152588555866,0.03112294967054536,0.031476997578692496,0.029693331169884794,0.03107569721115537,0.03210649960845732,0.034930950446791224,0.03827751196172249,0.029940119760479042,0.03126879134095009,0.026197298403602128,0.03222222222222222,0.03254067584480601,0.03494176372712146,0.04028436018957346,0.03173374613003095,0.028350515463917526,,,0,0,0,0,0,0
Flair,0.030895405010672956,0.03700600474794023,0.029384436701509874,0.030884995507637018,0.03232781922369986,0.030368529125688964,0.0319327731092437,0.02306619461431177,0.035604056437389765,0.028078708821578598,0.0243531202435312,0.03673605699654904,0.01980420839428379,0.01924893717524799,0.0334070796460177,0.026040554962646744,0.03404805516646914,0.022507697207771522,0.029850746268656716,0.016317843206810928,0.021023359288097884,0.023514043109079036,0.0245538251676708,0.02568454401448291,0.029261305504399426,0.022915757311217807,0.028751220570684605,0.025228360156589823,0.032060892630607775,0.03627906976744186,0.028433151845130067,0.02540165002171081,0.026785714285714284,0.024124418319862846,0.01998074145402022,0.029179195901548056,0.021814404432132964,0.033091674462114126,0.03216549085256487,0.032240286580325156,0.034720541979191874,0.03332341565010413,0.030332443581654937,0.02861035422343325,0.02733772606196552,0.029055690072639227,0.030017848450429985,0.027888446215139435,0.028191072826938137,0.020308692120227456,0.04066985645933014,0.02874251497005988,0.027660853878532773,0.04011461318051576,0.018611111111111113,0.028785982478097622,0.025790349417637273,0.023696682464454975,0.023219814241486066,0.02577319587628866,,,0,0,0,0,0,0
Leadership,0.02213234468037299,0.02094679514034353,0.024738675958188155,0.023023360287511233,0.022056438533895554,0.02745055657624554,0.02292917166866747,0.030576118442227233,0.024360670194003526,0.026309971258014594,0.026092628832354862,0.022041634197929424,0.027905930010127155,0.026806802078412847,0.02223451327433628,0.026467449306296693,0.022519125094278634,0.025480411933326255,0.019666374012291484,0.028378857750975525,0.025583982202447165,0.02286087524493795,0.022393997953847902,0.027042317266349848,0.022917945569879274,0.02662592754255783,0.025279375067809483,0.027294475859069165,0.020412870487833006,0.01813953488372093,0.018148820326678767,0.02475032566217977,0.021949404761904764,0.025104090129806515,0.030693307655272024,0.021271856554181984,0.027008310249307478,0.01999532273152479,0.019610187731675235,0.02204464039680353,0.020082264698766034,0.025290092234454033,0.02001941276389226,0.02758855585831063,0.021870180849572412,0.01937046004842615,0.021418140515982478,0.02231075697211155,0.021926389976507442,0.02680747359870024,0.02751196172248804,0.02215568862275449,0.02465423932651834,0.02005730659025788,0.027222222222222224,0.02002503128911139,0.021630615640599,0.030805687203791468,0.03095975232198142,0.015463917525773196,,,0,0,0,0,0,0
Off_the_Ball,0.030333670374115267,0.03407345342829214,0.03426248548199768,0.03504043126684636,0.03178722024002594,0.03285420944558521,0.029531812725090038,0.021135071344276366,0.03064373897707231,0.0289630776033606,0.025766470971950426,0.034398307914950466,0.024080117024867783,0.022909777987718465,0.03285398230088495,0.031163287086446105,0.03103113888589592,0.028559295041936508,0.03090430201931519,0.01962870994442474,0.028476084538375974,0.02721532767254518,0.03194270774127544,0.031002489250961753,0.02803355842029875,0.025316455696202528,0.03450146468482152,0.029143105698129626,0.03183023872679046,0.03395348837209302,0.029643073200241985,0.030395136778115502,0.03236607142857143,0.027920646583394562,0.019017814155031294,0.031183873482570443,0.025969529085872575,0.03250701590271282,0.030491450436446254,0.030862496555524938,0.031696104524558434,0.03034811068134484,0.030575103130308177,0.030994550408719353,0.030281788868638724,0.01937046004842615,0.03196495213370112,0.031872509960159355,0.031323414252153486,0.019496344435418356,0.03349282296650718,0.032335329341317366,0.027059530968129887,0.032746623004502665,0.025277777777777777,0.03254067584480601,0.02329450915141431,0.02843601895734597,0.029411764705882346,0.02577319587628866,,,0,0,0,0,0,0
Positioning,0.024042242444669137,0.014383465996369221,0.016957026713124275,0.01819407008086253,0.019461563412260782,0.018588565870528474,0.02388955582232893,0.033901941851732655,0.017195767195767195,0.0285208932124696,0.03000652315720809,0.01658688634086608,0.03409474513334084,0.03176665092111478,0.019800884955752208,0.02710779082177161,0.02424307725460619,0.027603779594436773,0.02528533801580334,0.034172874541799694,0.03092324805339266,0.029174831264968434,0.029100829828350577,0.01810364335822584,0.02619193779414774,0.031209079004801396,0.015297819247043506,0.027076989995650284,0.02295006342982355,0.01627906976744186,0.02722323049001815,0.027464177160225794,0.027157738095238092,0.03183933382316924,0.033822821376986036,0.0231651631584809,0.02458448753462604,0.021047708138447148,0.02176252540954203,0.02424910443648388,0.022259859666102107,0.022314787265694733,0.02402329531667071,0.02009536784741145,0.025655404458152255,0.031476997578692496,0.01979555411325653,0.019123505976095613,0.02270947533281128,0.03168155970755483,0.013157894736842105,0.022754491017964073,0.03006614552014432,0.018010642652476466,0.03166666666666666,0.016270337922403004,0.026622296173044922,0.018957345971563982,0.026315789473684206,0.02577319587628866,,,0,0,0,0,0,0
Teamwork,0.029434894955622962,0.027649769585253454,0.029384436701509874,0.02987421383647799,0.02886798572818683,0.032421917216038036,0.03085234093637455,0.031970818581697244,0.027667548500881833,0.03194782224187486,0.03479017177647315,0.02604920405209841,0.03600765162597052,0.03164855928200283,0.033960176991150434,0.0336179295624333,0.032647344036203,0.034823229642212544,0.03125548726953468,0.033345157857396245,0.0339265850945495,0.030590028303940784,0.03387518472206434,0.03552840009051821,0.030489052588500102,0.034591881274552594,0.03287403710534881,0.03338408003479774,0.028716411025256603,0.026511627906976747,0.030248033877797943,0.03148067737733391,0.03199404761904762,0.03281900563311291,0.03514684641309581,0.03073838957567658,0.0332409972299169,0.028648269410664173,0.0295348559129499,0.029760264535684762,0.02903459956448101,0.03272835465635228,0.028997816064062116,0.03303814713896459,0.031683723538483116,0.03631961259079903,0.02904429660879442,0.03266932270916334,0.029757243539545813,0.033306255077173025,0.03229665071770335,0.03173652694610778,0.027660853878532773,0.02578796561604585,0.032777777777777774,0.03629536921151439,0.03410981697171381,0.04265402843601896,0.03328173374613003,0.03350515463917526,,,0,0,0,0,0,0
Vision,0.031457139647230646,0.028068705488060328,0.026016260162601626,0.028638814016172506,0.03189534003676073,0.03058467524046255,0.028931572629051622,0.028108572041626437,0.0341710758377425,0.03172673004642936,0.03152859317242879,0.03027941667594345,0.027793406098795995,0.02468115257439773,0.03484513274336283,0.029028815368196372,0.03404805516646914,0.027922284743603355,0.029675153643546972,0.021993614757006032,0.025917686318131256,0.026344437187023735,0.025917926565874733,0.026363430640416383,0.02967055453243299,0.0270624181580096,0.026147336443528263,0.031970421922575036,0.028601084073347945,0.03069767441860465,0.027828191167574106,0.026812852800694748,0.028645833333333336,0.029635072250795983,0.02335098700048146,0.029513308831718457,0.030470914127423823,0.0313376987839102,0.027980389812268323,0.030586938550564893,0.031091217033631748,0.03391847664385599,0.027299199223489442,0.03235694822888284,0.026917145661012203,0.029055690072639227,0.027908486126886258,0.030278884462151386,0.025841816758026628,0.021933387489845652,0.03588516746411483,0.02874251497005988,0.027059530968129887,0.038886614817846915,0.025833333333333333,0.02753441802252816,0.022462562396006653,0.018957345971563982,0.02708978328173374,0.030927835051546393,,,0,0,0,0,0,0
Work_Rate,0.033928772048084484,0.028627286691802818,0.029384436701509874,0.030884995507637018,0.03103038166288247,0.030044309953528584,0.030012004801920768,0.031112541572792623,0.027667548500881833,0.029515808091974353,0.031093716025222876,0.030390738060781478,0.0328569821086981,0.03294756731223429,0.03207964601769911,0.03628601921024546,0.02952268074560931,0.0350355664083236,0.03160667251975417,0.033226912616767176,0.035261401557285875,0.03233180927498367,0.03501193588723429,0.034170626838651276,0.030284428074483324,0.03546486250545613,0.03515243571661061,0.029795563288386256,0.03252220043824242,0.03069767441860465,0.030248033877797943,0.033326096396005214,0.033482142857142856,0.031594415870683325,0.034424650938854114,0.030627018598953115,0.030817174515235458,0.030986903648269414,0.03216549085256487,0.03113805456048498,0.0315751270263731,0.03213329366260042,0.031181752001941274,0.029632152588555866,0.034347399411187446,0.03631961259079903,0.03050462437124777,0.031872509960159355,0.037588097102584185,0.03411860276198213,0.02751196172248804,0.03053892215568862,0.029464822609741433,0.0196479738027016,0.03305555555555555,0.03754693366708386,0.03410981697171381,0.037914691943127965,0.03792569659442724,0.030927835051546393,,,0,0,0,0,0,0
Acceleration,0.03134479271991911,0.034911325233905874,0.0281068524970964,0.034141958670260555,0.0326521786139042,0.025829460715443637,0.030132052821128453,0.027035725780495658,0.029872134038800704,0.02642051735573734,0.02598390954555338,0.03651341422687298,0.0264431191628221,0.03034955125177137,0.02831858407079646,0.027001067235859124,0.02812196961534318,0.028028453126658876,0.03494293239683933,0.029679555397895237,0.03103448275862069,0.031352057478772045,0.0347845856542003,0.025910839556460733,0.031102926130550438,0.028481012658227847,0.031789085385700334,0.025663331883427582,0.03575135509168493,0.03162790697674418,0.03206291591046582,0.033326096396005214,0.03199404761904762,0.02767572863090865,0.028285989407799708,0.032074841296358174,0.030817174515235458,0.034144059869036486,0.03635059189286141,0.03389363461008542,0.03532542947011856,0.03005058018446891,0.03639893229798592,0.030313351498637606,0.0330856582083275,0.03631961259079903,0.03099140029206555,0.033466135458167325,0.03288958496476116,0.030869212022745732,0.028708133971291867,0.032335329341317366,0.029464822609741433,0.027015963978714697,0.030833333333333334,0.028785982478097622,0.03410981697171381,0.02843601895734597,0.027863777089783277,0.03350515463917526,,,0,0,0,0,0,0
Agility,0.031681833501853725,0.033794162826420886,0.028571428571428574,0.03245732255166217,0.032976538004108547,0.027018264346698365,0.03085234093637455,0.02521188713657333,0.031856261022927684,0.02774707052841035,0.029571646010002176,0.03540020037849271,0.027005738719477892,0.02893245158242796,0.031084070796460174,0.026787620064034155,0.03200086197608017,0.028665463424992033,0.033713784021071114,0.02648693390091049,0.02936596218020022,0.029174831264968434,0.03217005797430943,0.02625028286942747,0.03130755064456722,0.02760803142732431,0.02799175436693067,0.027076989995650284,0.03332948910160305,0.03395348837209302,0.030852994555353903,0.030503690838037348,0.029761904761904764,0.029390154298310066,0.02816562349542609,0.03129524445929391,0.03012465373961219,0.033091674462114126,0.03336123400693531,0.03472030862496556,0.03411565448826519,0.03391847664385599,0.03397233681145353,0.029972752043596736,0.030141595401654286,0.026634382566585957,0.03131591757261074,0.031872509960159355,0.026624902114330464,0.028432168968318437,0.029904306220095694,0.03173652694610778,0.028863499699338546,0.0319279574293901,0.03111111111111111,0.03254067584480601,0.03494176372712146,0.030805687203791468,0.029411764705882346,0.03350515463917526,,,0,0,0,0,0,0
Balance,0.029771935737557577,0.03407345342829214,0.032520325203252036,0.03133423180592992,0.0296248243053303,0.03026045606830217,0.028331332533013207,0.028752279798304907,0.030864197530864196,0.030289630776033603,0.03076755816481844,0.02938884559723923,0.030156408236750313,0.029286726499763816,0.029314159292035395,0.030522945570971186,0.028445210645404593,0.030470325936935976,0.031079894644424934,0.033936384060541565,0.030144605116796442,0.02928369257565861,0.030578606343071503,0.03530210454854039,0.030079803560466543,0.02979048450458315,0.031355104697840946,0.029143105698129626,0.026986506746626688,0.03348837209302326,0.030248033877797943,0.030503690838037348,0.030877976190476192,0.030247367132010778,0.03310062590274434,0.029513308831718457,0.029778393351800558,0.029817586529466793,0.030252301805572167,0.0281069165059245,0.02842971207355432,0.02886045819696519,0.027056539674836205,0.02724795640326976,0.028599467264825464,0.031476997578692496,0.03180269349342853,0.031872509960159355,0.028191072826938137,0.03249390739236393,0.03229665071770335,0.029341317365269463,0.03126879134095009,0.03315595579205895,0.03305555555555555,0.03379224030037547,0.030782029950083195,0.035545023696682464,0.028637770897832815,0.03350515463917526,,,0,0,0,0,0,0
Jumping_Reach,0.023031120098865297,0.021645021645021644,0.030429732868757258,0.027403414195867025,0.02097524056654773,0.026694045174537984,0.024369747899159664,0.033258234095054184,0.0179673721340388,0.024099049303559585,0.021200260926288326,0.018479349883112547,0.02824350174412063,0.03294756731223429,0.0204646017699115,0.023265741728922092,0.02047193190388967,0.02314470750610468,0.02124670763827919,0.0361830436324938,0.024582869855394884,0.023296320487698672,0.02262134818688189,0.03507580900656257,0.025373439738080622,0.027280663465735485,0.028751220570684605,0.02370595911265768,0.019951562680198365,0.026046511627906974,0.024198427102238355,0.02181936604429006,0.020461309523809524,0.026083761939750184,0.03743379874819451,0.020046775810223856,0.025623268698060944,0.022450888681010292,0.023316991510223605,0.021769082391843483,0.01923542221146867,0.019041951800059506,0.022688667799077893,0.02418256130790191,0.023692695920370117,0.03631961259079903,0.032127210773973715,0.02071713147410358,0.028974158183241977,0.03168155970755483,0.01674641148325359,0.025149700598802394,0.03307276007215875,0.0196479738027016,0.03222222222222222,0.03128911138923655,0.0324459234608985,0.02843601895734597,0.019349845201238388,0.020618556701030927,,,0,0,0,0,0,0
Natural_Fitness,0.033029996629592176,0.03197877391425778,0.033449477351916376,0.03178346810422282,0.03038166288247378,0.03123311358478331,0.03085234093637455,0.032185387833923405,0.029541446208112873,0.030068538580588104,0.03152859317242879,0.03317377268173216,0.03353212557668505,0.03471894189891355,0.030862831858407075,0.03169690501600854,0.028445210645404593,0.03354920904554624,0.031782265144863917,0.03500059122620315,0.033592880978865404,0.03211408665360331,0.03330680913947937,0.03405747906766236,0.03130755064456722,0.03273679615888258,0.03265704676141912,0.03033927794693345,0.033098835197785725,0.03069767441860465,0.03206291591046582,0.03137212331741207,0.03422619047619048,0.03379867744305658,0.03165623495426095,0.029513308831718457,0.0332409972299169,0.032039289055191766,0.03336123400693531,0.030035822540644803,0.03230099201548512,0.02826539720321333,0.032759039068187334,0.03235694822888284,0.03378662554324969,0.03631961259079903,0.03050462437124777,0.031872509960159355,0.03837118245888802,0.033306255077173025,0.04066985645933014,0.0281437125748503,0.029464822609741433,0.029062627916496116,0.03138888888888889,0.030037546933667083,0.03577371048252912,0.035545023696682464,0.03792569659442724,0.030927835051546393,,,0,0,0,0,0,0
Pace,0.030446017301426806,0.03463203463203463,0.028919860627177697,0.03425426774483378,0.03254405881716942,0.02734248351885875,0.030732292917166868,0.02896684905053106,0.027777777777777776,0.027415432235242097,0.02631006740595782,0.03562284314816876,0.027230786542140208,0.030585734529995273,0.028207964601769907,0.02913553895410886,0.027583234565240818,0.028028453126658876,0.034416154521510096,0.03275393165425092,0.03270300333704115,0.031569780100152406,0.03387518472206434,0.029078977144150257,0.03192142418661756,0.02869925796595373,0.03298253227731365,0.026750761200521972,0.03552070118786761,0.03162790697674418,0.03206291591046582,0.03321754233608337,0.03273809523809524,0.028043105559637523,0.031295137217140105,0.03151798641274084,0.03289473684210526,0.03449485500467727,0.03706803778548368,0.033066960595205294,0.03459956448100654,0.03034811068134484,0.03615627274933268,0.030653950953678483,0.0330856582083275,0.03631961259079903,0.032127210773973715,0.03266932270916334,0.03288958496476116,0.03249390739236393,0.02751196172248804,0.03053892215568862,0.032471437161755864,0.02865329512893983,0.030833333333333334,0.030037546933667083,0.03410981697171381,0.02843601895734597,0.02708978328173374,0.03350515463917526,,,0,0,0,0,0,0
Stamina,0.032805302774969104,0.030861611506772794,0.03124274099883856,0.03077268643306379,0.03092226186614769,0.028747433264887063,0.030612244897959183,0.031112541572792623,0.028439153439153438,0.029736900287419852,0.031093716025222876,0.03105866636980964,0.03251941037470463,0.03377420878601795,0.031084070796460174,0.034898612593383144,0.029845921775670727,0.034292387726934916,0.033889376646180865,0.033818138819912504,0.03414905450500556,0.032876115828434575,0.03421621007161533,0.032247114731839784,0.030079803560466543,0.034482758620689655,0.03168059021373549,0.031100478468899528,0.032637527390151085,0.02930232558139535,0.03206291591046582,0.03310898827616153,0.03459821428571429,0.03416605437178545,0.0335820895522388,0.03174072836618777,0.030817174515235458,0.030051449953227317,0.03192634222169078,0.030586938550564893,0.03048632954270506,0.03005058018446891,0.032516379519534094,0.02895095367847412,0.03392681901023413,0.03389830508474576,0.03147817621288334,0.03266932270916334,0.035238841033672676,0.03411860276198213,0.023923444976076555,0.029341317365269463,0.03006614552014432,0.024150634465820716,0.03305555555555555,0.03128911138923655,0.03410981697171381,0.037914691943127965,0.03173374613003095,0.028350515463917526,,,0,0,0,0,0,0
Strength,0.025727446354342206,0.027929060187124703,0.0313588850174216,0.02931266846361186,0.024218834468591195,0.02907165243704744,0.02701080432172869,0.033901941851732655,0.022817460317460316,0.027415432235242097,0.024135681669928247,0.023377490815985752,0.030043884325419153,0.0341284837033538,0.02300884955752212,0.02870864461045891,0.022519125094278634,0.028453126658880983,0.024582967515364356,0.038666193685704155,0.028809788654060066,0.026888743740474636,0.027395703080595663,0.0373387644263408,0.027828933906281973,0.030226975120034916,0.031246609525876098,0.027946933449325796,0.023411371237458196,0.02558139534883721,0.027828191167574106,0.027572731220147632,0.025297619047619048,0.029635072250795983,0.036591237361579196,0.024167501948992094,0.02527700831024931,0.024672591206735272,0.02690422097333493,0.024524662441443926,0.023106702153399473,0.022612317762570663,0.024751273962630427,0.022479564032697553,0.026776952194027762,0.03389830508474576,0.0326139866947915,0.027888446215139435,0.0274079874706343,0.03736799350121852,0.01674641148325359,0.024550898203592814,0.03126879134095009,0.022103970528039297,0.034444444444444444,0.03254067584480601,0.030782029950083195,0.02843601895734597,0.02708978328173374,0.030927835051546393,,,0,0,0,0,0,0
Corners,0.021795303898438374,0.021645021645021644,0.015447154471544716,0.0162848158131177,0.027678667964104228,0.02053388090349076,0.0234093637454982,0.01126488574187319,0.029651675485008817,0.02586778686712359,0.025440313111545987,0.02382277635533786,0.01429053673905705,0.014525271610769957,0.025553097345132742,0.02230522945570971,0.027367740545199873,0.019959656014438897,0.02177348551360843,0.010050845453470498,0.01546162402669633,0.025473546701502287,0.0184153688757531,0.012106811495813531,0.020667075915694697,0.017132256656481885,0.013127915807746554,0.025119617224880385,0.024564640756544808,0.02558139534883721,0.019963702359346643,0.021385149804602693,0.023065476190476192,0.020450649032574087,0.010712566201251805,0.027731373204142998,0.021814404432132964,0.0264265668849392,0.021403802463230898,0.025075778451364012,0.028308734575368984,0.02856292770008926,0.026813880126182965,0.02861035422343325,0.023692695920370117,0.014527845036319613,0.016063605386986857,0.02231075697211155,0.023492560689115115,0.01299756295694557,0.0215311004784689,0.031137724550898204,0.019242333132892364,0.0319279574293901,0.014722222222222223,0.015018773466833541,0.013311148086522461,0.011848341232227487,0.02708978328173374,0.030927835051546393,,,0,0,0,0,0,0
Crossing,0.02505336479047298,0.025136154168412233,0.020441347270615563,0.022349505840071875,0.02951670450859552,0.02550524154328326,0.027490996398559422,0.017809247934770952,0.0291005291005291,0.025093964183064338,0.025440313111545987,0.028720917288211068,0.020479351862270734,0.02598016060462919,0.02831858407079646,0.025613660618996798,0.028768451675466006,0.024100222953604415,0.02932396839332748,0.016909069409956252,0.02803114571746385,0.03069888961463096,0.028305104012731612,0.019800859923059515,0.022099447513812154,0.02084242688782191,0.02224151025279375,0.025880817746846457,0.03136893091915581,0.02744186046511628,0.03206291591046582,0.028441163699522362,0.028645833333333336,0.021675238795003673,0.015166104959075588,0.03174072836618777,0.025623268698060944,0.02934985968194575,0.028697835704890592,0.03113805456048498,0.031091217033631748,0.02767033620946147,0.032031060422227614,0.02895095367847412,0.030141595401654286,0.024213075060532687,0.021093623235437287,0.02629482071713147,0.028191072826938137,0.02355808285946385,0.028708133971291867,0.03293413173652695,0.022850270595309682,0.035202619729840366,0.021666666666666664,0.02252816020025031,0.024958402662229616,0.026066350710900472,0.030185758513931883,0.03350515463917526,,,0,0,0,0,0,0
Dribbling,0.03123244579260757,0.033514872224549644,0.02659698025551684,0.03077268643306379,0.03286841820737377,0.02766670269101913,0.030972388955582235,0.024675464006007942,0.03284832451499118,0.028410347114746846,0.026418786692759298,0.03606812868752087,0.02441768875886126,0.025271610769957483,0.03219026548672566,0.026147278548559232,0.03275509104622347,0.026542095763881512,0.0324846356453029,0.01962870994442474,0.025917686318131256,0.027324188983235364,0.028305104012731612,0.025345100701516177,0.027624309392265192,0.024552597119161936,0.02755777367907128,0.026968247063940846,0.033098835197785725,0.034418604651162796,0.03206291591046582,0.028658271819366046,0.027901785714285716,0.0263286798922361,0.020101107366393835,0.030627018598953115,0.02804709141274238,0.03297474275023386,0.03371995695324644,0.03361807660512538,0.033389789499153166,0.03213329366260042,0.032880368842513955,0.030313351498637606,0.029160241132763217,0.026634382566585957,0.029368813889339606,0.03266932270916334,0.026624902114330464,0.021933387489845652,0.03827751196172249,0.029940119760479042,0.03006614552014432,0.03561195251739665,0.022777777777777775,0.02753441802252816,0.029118136439267885,0.026066350710900472,0.026315789473684206,0.030927835051546393,,,0,0,0,0,0,0
Finishing,0.024716324008538366,0.033235581622678395,0.03681765389082462,0.0330188679245283,0.02897610552492161,0.032421917216038036,0.02533013205282113,0.01770196330865787,0.028990299823633155,0.02266195003316383,0.02076538377908241,0.0312813091394857,0.01856644536964105,0.01629664619744922,0.02798672566371681,0.02454642475987193,0.025105053334769964,0.023463212655271258,0.02019315188762072,0.01797327657561783,0.02013348164627364,0.01970389723492271,0.01921109469137206,0.032247114731839784,0.02312257008389605,0.021606285464862506,0.03341651296517305,0.024032187907786,0.024218659900818822,0.03302325581395349,0.023593466424682397,0.020191055145462444,0.020089285714285716,0.021062943913788882,0.01624939817043813,0.022051453391246242,0.02458448753462604,0.02677736202057998,0.02630634939614971,0.024524662441443926,0.02746189208807162,0.025290092234454033,0.021960689153118176,0.0279291553133515,0.021870180849572412,0.01937046004842615,0.03374979717669966,0.027091633466135454,0.028974158183241977,0.016246953696181964,0.025119617224880382,0.02155688622754491,0.02164762477450391,0.02742529676627098,0.016944444444444443,0.03504380475594493,0.018302828618968384,0.030805687203791468,0.021671826625386994,0.02577319587628866,,,0,0,0,0,0,0
First_Touch,0.03123244579260757,0.03435274403016338,0.03101045296167247,0.0325696316262354,0.03286841820737377,0.0313411866421701,0.03157262905162065,0.028644995172191826,0.034722222222222224,0.03250055273048861,0.03239834746684062,0.03328509406657019,0.02959378868009452,0.028223901747756255,0.03473451327433628,0.029989327641408752,0.03501777825665338,0.02962097887249177,0.03143107989464443,0.025067991013361712,0.02814238042269188,0.027541911604615724,0.029100829828350577,0.028400090518216792,0.030693677102516883,0.028917503273679614,0.02842573505479006,0.032514136581122226,0.030561642255795184,0.03674418604651163,0.03145795523290986,0.028658271819366046,0.029389880952380952,0.030737203036982613,0.024073182474723155,0.030961131529123512,0.03254847645429363,0.03215622076707203,0.030969747698194428,0.032791402590245246,0.03205903701911445,0.03332341565010413,0.029604464935695216,0.03337874659400546,0.0287396607318099,0.031476997578692496,0.03180269349342853,0.031872509960159355,0.025841816758026628,0.024370430544272948,0.03708133971291866,0.03173652694610778,0.03006614552014432,0.03765861645517807,0.025833333333333333,0.03128911138923655,0.025790349417637273,0.030805687203791468,0.028637770897832815,0.03608247422680412,,,0,0,0,0,0,0
Free_Kick_Taking,0.023031120098865297,0.024717218265605363,0.020441347270615563,0.022012578616352203,0.026489350200021623,0.024100291797254942,0.02388955582232893,0.015770840038622468,0.031746031746031744,0.02586778686712359,0.0243531202435312,0.025158632973394192,0.016203443231686734,0.015351913084553612,0.025663716814159288,0.022838847385272143,0.027367740545199873,0.020596666312772054,0.021071115013169446,0.013598202672342439,0.016351501668520577,0.02438493359460048,0.01580084119586223,0.01787734781624802,0.02353181911192961,0.018441728502837186,0.019854616469567102,0.025337103088299263,0.022834736477914893,0.02930232558139535,0.022988505747126436,0.02105948762483717,0.019345238095238092,0.021675238795003673,0.01456427539720751,0.027731373204142998,0.016274238227146815,0.026075771749298413,0.02116465383235681,0.02424910443648388,0.026977982095330272,0.02856292770008926,0.02329531667071099,0.022479564032697553,0.021309406981634662,0.024213075060532687,0.022067175077072853,0.025498007968127484,0.018794048551292093,0.015434606011372866,0.02751196172248804,0.027544910179640718,0.022248947684906796,0.030290626279164967,0.01611111111111111,0.011264080100125156,0.014143094841930116,0.016587677725118485,0.027863777089783277,0.02577319587628866,,,0,0,0,0,0,0
Heading,0.02168295697112684,0.023181119955313505,0.03403019744483159,0.02841419586702606,0.021083360363282514,0.028531287150113473,0.023289315726290515,0.034652934234524195,0.019951499118165784,0.020893212469599822,0.019460752337464665,0.019926527886006903,0.02768088218746484,0.03164855928200283,0.01814159292035398,0.02294557097118463,0.017778256653377872,0.022507697207771522,0.020719929762949958,0.03630128887312286,0.02513904338153504,0.02514696276943175,0.0225076730703649,0.03507580900656257,0.027215060364231637,0.02662592754255783,0.03146359986980579,0.021313614615050026,0.020758851343558992,0.021860465116279072,0.024803387779794312,0.02203647416413374,0.02269345238095238,0.02387950036737693,0.03598940779971112,0.020492259717117718,0.02527700831024931,0.020930776426566884,0.02283869424847543,0.01818682832736291,0.018146624727800632,0.01576911633442428,0.021354040281485076,0.02384196185286104,0.02116921351465022,0.031476997578692496,0.03456109037806263,0.021513944223107564,0.024275646045418955,0.03411860276198213,0.011961722488038277,0.022754491017964073,0.028863499699338546,0.017601309864920183,0.035,0.03254067584480601,0.029118136439267885,0.035545023696682464,0.017801857585139316,0.023195876288659795,,,0,0,0,0,0,0
Long_Shots,0.028311425682507583,0.026532607177768466,0.027177700348432053,0.025831087151841868,0.02940858471186074,0.02863936020750027,0.026050420168067225,0.017058255551979404,0.03284832451499118,0.027083793942073844,0.025005435964340076,0.028275631748858956,0.02329244964554968,0.018186112423240433,0.026438053097345128,0.027321237993596585,0.027798728585281762,0.0252680751672152,0.020368744512730467,0.016436088447439993,0.020578420467185762,0.02307859786631831,0.020688871206092987,0.02489250961756053,0.022713321055862493,0.024989087734613703,0.026906802647282197,0.02859939103958243,0.025487256371814097,0.03069767441860465,0.02722323049001815,0.022470690403821103,0.022321428571428572,0.024246877296105803,0.015767934520943667,0.02617217953001448,0.025969529085872575,0.028063610851262865,0.023675714456534738,0.025626894461284102,0.027219937091700945,0.02618268372508182,0.025115263285610288,0.02895095367847412,0.022851535118463485,0.01937046004842615,0.028557520687976633,0.02629482071713147,0.028191072826938137,0.020308692120227456,0.03110047846889952,0.024550898203592814,0.024052916416115455,0.026197298403602128,0.017777777777777778,0.026282853566958697,0.015806988352745424,0.02843601895734597,0.02708978328173374,0.020618556701030927,,,0,0,0,0,0,0
Long_Throws,0.014043365913942254,0.013266303588884233,0.013124274099883856,0.01078167115902965,0.012974375608173855,0.012536474656868041,0.01800720288115246,0.01770196330865787,0.011684303350970017,0.016029184169798805,0.014350945857795172,0.011020817098964712,0.01912906492629684,0.022791686348606517,0.01238938053097345,0.014941302027748132,0.011959918112272386,0.015182078776940227,0.024231782265144865,0.020101690906940996,0.021245828698553952,0.02612671456564337,0.022848698419915884,0.011427924869880063,0.016983834663392674,0.015277171540811872,0.012693935119887164,0.014571552849064813,0.01914427401683774,0.011162790697674419,0.0205686630369026,0.025293095961788973,0.022321428571428572,0.015674748959098702,0.020101107366393835,0.02461298585588596,0.02077562326869806,0.016604303086997195,0.017816573000119577,0.01680903830256269,0.014396322284055168,0.01457899434692056,0.02341664644503761,0.019073569482288832,0.024393663255292308,0.014527845036319613,0.01573908810644167,0.01035856573705179,0.025058731401722788,0.025182778229082048,0.01674641148325359,0.02215568862275449,0.01984365604329525,0.016782644289807615,0.024722222222222222,0.011264080100125156,0.02329450915141431,0.009478672985781991,0.017801857585139316,0.01804123711340206,,,0,0,0,0,0,0
Marking,0.020671834625322995,0.012847367686077363,0.013356562137049941,0.013589398023360287,0.015136771542869498,0.015238301091537879,0.021848739495798318,0.03336551872116726,0.01333774250440917,0.021888127349104575,0.025005435964340076,0.011800066792830903,0.03038145605941263,0.03212092583845064,0.01670353982300885,0.02294557097118463,0.019286714793664478,0.025480411933326255,0.023529411764705882,0.0358283079106066,0.02936596218020022,0.02743305029392554,0.028759804478799594,0.014935505770536319,0.023736443625946388,0.02869925796595373,0.012693935119887164,0.023162244454110487,0.021104832199284974,0.012093023255813955,0.027828191167574106,0.02778983933999132,0.028645833333333336,0.02730835170217977,0.036350505536831966,0.023610647065374763,0.024238227146814405,0.019059869036482695,0.01685997847662322,0.021769082391843483,0.016936849745947256,0.016959238321927996,0.023173986896384374,0.016348773841961855,0.025375017524183377,0.029055690072639227,0.013791984423170534,0.016733067729083662,0.020360219263899765,0.033306255077173025,0.011961722488038277,0.02155688622754491,0.029464822609741433,0.013098649201801064,0.03305555555555555,0.016270337922403004,0.02995008319467554,0.016587677725118485,0.0239938080495356,0.028350515463917526,,,0,0,0,0,0,0
Passing,0.031569486574542185,0.028906577293674067,0.027061556329849013,0.028638814016172506,0.030706022272678123,0.03090889441262293,0.03037214885954382,0.030790687694453388,0.03350970017636684,0.03404819809860712,0.033702978908458366,0.03061338083045753,0.03060650388207494,0.02846008502598016,0.03384955752212389,0.03127001067235859,0.03491003124663291,0.030151820787769398,0.0305531167690957,0.02695991486342675,0.028921023359288096,0.02928369257565861,0.02841877912924861,0.026816021724372027,0.03130755064456722,0.02979048450458315,0.02658131713138765,0.03458025228360157,0.029523699688617233,0.02930232558139535,0.029643073200241985,0.02778983933999132,0.030133928571428572,0.03208425177565515,0.026360134809821856,0.030404276645506184,0.031163434903047092,0.0313376987839102,0.029774004543823986,0.03113805456048498,0.031212194531817086,0.03332341565010413,0.030211113807328317,0.030994550408719353,0.02789849992990327,0.029055690072639227,0.028233003407431446,0.03266932270916334,0.023492560689115115,0.024370430544272948,0.03588516746411483,0.03173652694610778,0.03006614552014432,0.036430618092509214,0.027777777777777776,0.02753441802252816,0.02995008319467554,0.023696682464454975,0.029411764705882346,0.030927835051546393,,,0,0,0,0,0,0
Penalty_Taking,0.024154589371980676,0.02988409440022343,0.03426248548199768,0.03009883198562444,0.02746242837063466,0.03285420944558521,0.026890756302521007,0.020705932839824057,0.029872134038800704,0.026752155648905592,0.02457055881713416,0.027162417900478682,0.021717114886913472,0.017477562588568727,0.025663716814159288,0.02486659551760939,0.026398017455015625,0.022295360441660472,0.02054433713784021,0.017736786094359705,0.016907675194660732,0.020465926409753976,0.01796066840968512,0.02998415931206155,0.02394106813996317,0.02095154954168485,0.03146359986980579,0.02653327533710309,0.023411371237458196,0.03162790697674418,0.016333938294010888,0.017151541467650893,0.020089285714285716,0.02228753367621847,0.015045739046701973,0.023387905111927832,0.022506925207756236,0.024906454630495792,0.0254693291880904,0.02369798842656379,0.02661504960077426,0.02737280571258554,0.022082018927444793,0.025204359673024528,0.022711341651479044,0.014527845036319613,0.032127210773973715,0.030278884462151386,0.028974158183241977,0.017059301380991064,0.023923444976076555,0.025149700598802394,0.02345159350571257,0.02496930004093328,0.017222222222222222,0.03128911138923655,0.01497504159733777,0.02843601895734597,0.027863777089783277,0.007731958762886598,,,0,0,0,0,0,0
Tackling,0.024828670935849905,0.013964530093562352,0.015214866434378629,0.016846361185983826,0.018488485241647746,0.01750783529666054,0.0241296518607443,0.03411651110395881,0.017746913580246913,0.024983418085341588,0.028049575994781476,0.014471780028943561,0.03319455384269158,0.034482758620689655,0.019358407079646017,0.027961579509071504,0.023488848184462886,0.030364157553880455,0.02827041264266901,0.03594655315123566,0.03181312569521691,0.03015458306118006,0.03126065704217347,0.017424756732292372,0.02619193779414774,0.03273679615888258,0.017576217858305303,0.02653327533710309,0.024564640756544808,0.01627906976744186,0.02722323049001815,0.03072079895788103,0.029761904761904764,0.029512613274553026,0.03598940779971112,0.02661766343690834,0.024238227146814405,0.02116463985032741,0.019968910677986368,0.022595756406723615,0.01863053472054198,0.019339482296935436,0.026085901480223245,0.01975476839237058,0.02789849992990327,0.029055690072639227,0.015576829466169074,0.015936254980079678,0.021143304620203605,0.03574329813160032,0.011961722488038277,0.025748502994011976,0.030667468430547205,0.017191977077363897,0.034444444444444444,0.016270337922403004,0.0324459234608985,0.011848341232227487,0.02554179566563467,0.030927835051546393,,,0,0,0,0,0,0
Technique,0.033254690484215255,0.03407345342829214,0.029732868757259,0.032681940700808626,0.03362525678451724,0.032313844158651246,0.03289315726290516,0.028752279798304907,0.036375661375661374,0.032832191023656865,0.03261578604044357,0.035511521763330736,0.029706312591425678,0.027987718469532356,0.03539823008849557,0.030096051227321237,0.03491003124663291,0.029727147255547294,0.03318700614574188,0.025422726735248907,0.028809788654060066,0.029174831264968434,0.028987154711833583,0.028400090518216792,0.03130755064456722,0.028481012658227847,0.028642725398719752,0.03294910830795999,0.0322915465344251,0.03488372093023256,0.030248033877797943,0.028549717759444208,0.030877976190476192,0.031227038941954444,0.025397207510832933,0.031406615436017374,0.03185595567867036,0.033325537885874654,0.032643788114313045,0.033066960595205294,0.03399467699007985,0.034811068134483786,0.032152390196554234,0.03303814713896459,0.029300434599747658,0.029055690072639227,0.03147817621288334,0.033466135458167325,0.0274079874706343,0.022745735174654752,0.039473684210526314,0.032335329341317366,0.030667468430547205,0.04011461318051576,0.025555555555555554,0.03128911138923655,0.029118136439267885,0.02843601895734597,0.029411764705882346,0.02577319587628866,,,0,0,0,0,0,0
